Domain Code,Domain,Area Code,Area,Element Code,Element,Item Code,Item,Year Code,Year,Unit,Value,Flag,Flag Description
"QC","Crops","138","Mexico","5312","Area harvested","800","Agave fibres nes","2018","2018","ha","13712","Im","FAO data based on imputation methodology"
"QC","Crops","138","Mexico","5419","Yield","800","Agave fibres nes","2018","2018","hg/ha","4425","Fc","Calculated data"
"QC","Crops","138","Mexico","5510","Production","800","Agave fibres nes","2018","2018","tonnes","6068","Im","FAO data based on imputation methodology"
"QC","Crops","138","Mexico","5312","Area harvested","221","Almonds, with shell","2018","2018","ha","31","Im","FAO data based on imputation methodology"
"QC","Crops","138","Mexico","5419","Yield","221","Almonds, with shell","2018","2018","hg/ha","13260","Fc","Calculated data"
"QC","Crops","138","Mexico","5510","Production","221","Almonds, with shell","2018","2018","tonnes","41","Im","FAO data based on imputation methodology"
"QC","Crops","138","Mexico","5312","Area harvested","711","Anise, badian, fennel, coriander","2018","2018","ha","7712","","Official data"
"QC","Crops","138","Mexico","5419","Yield","711","Anise, badian, fennel, coriander","2018","2018","hg/ha","164995","Fc","Calculated data"
"QC","Crops","138","Mexico","5510","Production","711","Anise, badian, fennel, coriander","2018","2018","tonnes","127244","","Official data"
"QC","Crops","138","Mexico","5312","Area harvested","515","Apples","2018","2018","ha","52389","","Official data"
"QC","Crops","138","Mexico","5419","Yield","515","Apples","2018","2018","hg/ha","125923","Fc","Calculated data"
"QC","Crops","138","Mexico","5510","Production","515","Apples","2018","2018","tonnes","659692","","Official data"
"QC","Crops","138","Mexico","5312","Area harvested","526","Apricots","2018","2018","ha","175","","Official data"
"QC","Crops","138","Mexico","5419","Yield","526","Apricots","2018","2018","hg/ha","55839","Fc","Calculated data"
"QC","Crops","138","Mexico","5510","Production","526","Apricots","2018","2018","tonnes","980","","Official data"
"QC","Crops","138","Mexico","5312","Area harvested","366","Artichokes","2018","2018","ha","218","","Official data"
"QC","Crops","138","Mexico","5419","Yield","366","Artichokes","2018","2018","hg/ha","131802","Fc","Calculated data"
"QC","Crops","138","Mexico","5510","Production","366","Artichokes","2018","2018","tonnes","2876","","Official data"
"QC","Crops","138","Mexico","5312","Area harvested","367","Asparagus","2018","2018","ha","30792","","Official data"
"QC","Crops","138","Mexico","5419","Yield","367","Asparagus","2018","2018","hg/ha","90181","Fc","Calculated data"
"QC","Crops","138","Mexico","5510","Production","367","Asparagus","2018","2018","tonnes","277682","","Official data"
"QC","Crops","138","Mexico","5312","Area harvested","572","Avocados","2018","2018","ha","206389","","Official data"
"QC","Crops","138","Mexico","5419","Yield","572","Avocados","2018","2018","hg/ha","105852","Fc","Calculated data"
"QC","Crops","138","Mexico","5510","Production","572","Avocados","2018","2018","tonnes","2184663","","Official data"
"QC","Crops","138","Mexico","5312","Area harvested","486","Bananas","2018","2018","ha","78533","","Official data"
"QC","Crops","138","Mexico","5419","Yield","486","Bananas","2018","2018","hg/ha","299808","Fc","Calculated data"
"QC","Crops","138","Mexico","5510","Production","486","Bananas","2018","2018","tonnes","2354479","","Official data"
"QC","Crops","138","Mexico","5312","Area harvested","44","Barley","2018","2018","ha","352113","","Official data"
"QC","Crops","138","Mexico","5419","Yield","44","Barley","2018","2018","hg/ha","28645","Fc","Calculated data"
"QC","Crops","138","Mexico","5510","Production","44","Barley","2018","2018","tonnes","1008642","","Official data"
"QC","Crops","138","Mexico","5312","Area harvested","176","Beans, dry","2018","2018","ha","1596224","","Official data"
"QC","Crops","138","Mexico","5419","Yield","176","Beans, dry","2018","2018","hg/ha","7494","Fc","Calculated data"
"QC","Crops","138","Mexico","5510","Production","176","Beans, dry","2018","2018","tonnes","1196156","","Official data"
"QC","Crops","138","Mexico","5312","Area harvested","414","Beans, green","2018","2018","ha","8897","","Official data"
"QC","Crops","138","Mexico","5419","Yield","414","Beans, green","2018","2018","hg/ha","103236","Fc","Calculated data"
"QC","Crops","138","Mexico","5510","Production","414","Beans, green","2018","2018","tonnes","91853","","Official data"
"QC","Crops","138","Mexico","5312","Area harvested","558","Berries nes","2018","2018","ha","13164","","Official data"
"QC","Crops","138","Mexico","5419","Yield","558","Berries nes","2018","2018","hg/ha","218119","Fc","Calculated data"
"QC","Crops","138","Mexico","5510","Production","558","Berries nes","2018","2018","tonnes","287125","","Official data"
"QC","Crops","138","Mexico","5312","Area harvested","552","Blueberries","2018","2018","ha","3611","","Official data"
"QC","Crops","138","Mexico","5419","Yield","552","Blueberries","2018","2018","hg/ha","111464","Fc","Calculated data"
"QC","Crops","138","Mexico","5510","Production","552","Blueberries","2018","2018","tonnes","40251","","Official data"
"QC","Crops","138","Mexico","5312","Area harvested","181","Broad beans, horse beans, dry","2018","2018","ha","21166","","Official data"
"QC","Crops","138","Mexico","5419","Yield","181","Broad beans, horse beans, dry","2018","2018","hg/ha","17503","Fc","Calculated data"
"QC","Crops","138","Mexico","5510","Production","181","Broad beans, horse beans, dry","2018","2018","tonnes","37047","","Official data"
"QC","Crops","138","Mexico","5312","Area harvested","358","Cabbages and other brassicas","2018","2018","ha","6181","","Official data"
"QC","Crops","138","Mexico","5419","Yield","358","Cabbages and other brassicas","2018","2018","hg/ha","347503","Fc","Calculated data"
"QC","Crops","138","Mexico","5510","Production","358","Cabbages and other brassicas","2018","2018","tonnes","214802","","Official data"
"QC","Crops","138","Mexico","5312","Area harvested","101","Canary seed","2018","2018","ha","1","","Official data"
"QC","Crops","138","Mexico","5419","Yield","101","Canary seed","2018","2018","hg/ha","0","Fc","Calculated data"
"QC","Crops","138","Mexico","5510","Production","101","Canary seed","2018","2018","tonnes","0","","Official data"
"QC","Crops","138","Mexico","5312","Area harvested","461","Carobs","2018","2018","ha","76","","Official data"
"QC","Crops","138","Mexico","5419","Yield","461","Carobs","2018","2018","hg/ha","39474","Fc","Calculated data"
"QC","Crops","138","Mexico","5510","Production","461","Carobs","2018","2018","tonnes","300","","Official data"
"QC","Crops","138","Mexico","5312","Area harvested","426","Carrots and turnips","2018","2018","ha","11169","","Official data"
"QC","Crops","138","Mexico","5419","Yield","426","Carrots and turnips","2018","2018","hg/ha","301394","Fc","Calculated data"
"QC","Crops","138","Mexico","5510","Production","426","Carrots and turnips","2018","2018","tonnes","336616","","Official data"
"QC","Crops","138","Mexico","5312","Area harvested","217","Cashew nuts, with shell","2018","2018","ha","1419","","Official data"
"QC","Crops","138","Mexico","5419","Yield","217","Cashew nuts, with shell","2018","2018","hg/ha","25066","Fc","Calculated data"
"QC","Crops","138","Mexico","5510","Production","217","Cashew nuts, with shell","2018","2018","tonnes","3556","","Official data"
"QC","Crops","138","Mexico","5312","Area harvested","125","Cassava","2018","2018","ha","2000","","Official data"
"QC","Crops","138","Mexico","5419","Yield","125","Cassava","2018","2018","hg/ha","130120","Fc","Calculated data"
"QC","Crops","138","Mexico","5510","Production","125","Cassava","2018","2018","tonnes","26024","","Official data"
"QC","Crops","138","Mexico","5312","Area harvested","265","Castor oil seed","2018","2018","ha","102","","Official data"
"QC","Crops","138","Mexico","5419","Yield","265","Castor oil seed","2018","2018","hg/ha","27748","Fc","Calculated data"
"QC","Crops","138","Mexico","5510","Production","265","Castor oil seed","2018","2018","tonnes","282","","Official data"
"QC","Crops","138","Mexico","5312","Area harvested","393","Cauliflowers and broccoli","2018","2018","ha","39849","","Official data"
"QC","Crops","138","Mexico","5419","Yield","393","Cauliflowers and broccoli","2018","2018","hg/ha","182869","Fc","Calculated data"
"QC","Crops","138","Mexico","5510","Production","393","Cauliflowers and broccoli","2018","2018","tonnes","728721","","Official data"
"QC","Crops","138","Mexico","5312","Area harvested","108","Cereals nes","2018","2018","ha","3552","","Official data"
"QC","Crops","138","Mexico","5419","Yield","108","Cereals nes","2018","2018","hg/ha","20030","Fc","Calculated data"
"QC","Crops","138","Mexico","5510","Production","108","Cereals nes","2018","2018","tonnes","7115","","Official data"
"QC","Crops","138","Mexico","5312","Area harvested","531","Cherries","2018","2018","ha","48","","Official data"
"QC","Crops","138","Mexico","5419","Yield","531","Cherries","2018","2018","hg/ha","37020","Fc","Calculated data"
"QC","Crops","138","Mexico","5510","Production","531","Cherries","2018","2018","tonnes","178","","Official data"
"QC","Crops","138","Mexico","5312","Area harvested","191","Chick peas","2018","2018","ha","194370","","Official data"
"QC","Crops","138","Mexico","5419","Yield","191","Chick peas","2018","2018","hg/ha","18099","Fc","Calculated data"
"QC","Crops","138","Mexico","5510","Production","191","Chick peas","2018","2018","tonnes","351796","","Official data"
"QC","Crops","138","Mexico","5312","Area harvested","689","Chillies and peppers, dry","2018","2018","ha","31590","Im","FAO data based on imputation methodology"
"QC","Crops","138","Mexico","5419","Yield","689","Chillies and peppers, dry","2018","2018","hg/ha","19233","Fc","Calculated data"
"QC","Crops","138","Mexico","5510","Production","689","Chillies and peppers, dry","2018","2018","tonnes","60755","Im","FAO data based on imputation methodology"
"QC","Crops","138","Mexico","5312","Area harvested","401","Chillies and peppers, green","2018","2018","ha","156799","","Official data"
"QC","Crops","138","Mexico","5419","Yield","401","Chillies and peppers, green","2018","2018","hg/ha","215517","Fc","Calculated data"
"QC","Crops","138","Mexico","5510","Production","401","Chillies and peppers, green","2018","2018","tonnes","3379289","","Official data"
"QC","Crops","138","Mexico","5312","Area harvested","698","Cloves","2018","2018","ha","","M","Data not available"
"QC","Crops","138","Mexico","5510","Production","698","Cloves","2018","2018","tonnes","","M","Data not available"
"QC","Crops","138","Mexico","5312","Area harvested","661","Cocoa, beans","2018","2018","ha","58361","","Official data"
"QC","Crops","138","Mexico","5419","Yield","661","Cocoa, beans","2018","2018","hg/ha","4866","Fc","Calculated data"
"QC","Crops","138","Mexico","5510","Production","661","Cocoa, beans","2018","2018","tonnes","28399","","Official data"
"QC","Crops","138","Mexico","5312","Area harvested","249","Coconuts","2018","2018","ha","185708","Im","FAO data based on imputation methodology"
"QC","Crops","138","Mexico","5419","Yield","249","Coconuts","2018","2018","hg/ha","62381","Fc","Calculated data"
"QC","Crops","138","Mexico","5510","Production","249","Coconuts","2018","2018","tonnes","1158471","Im","FAO data based on imputation methodology"
"QC","Crops","138","Mexico","5312","Area harvested","656","Coffee, green","2018","2018","ha","629799","","Official data"
"QC","Crops","138","Mexico","5419","Yield","656","Coffee, green","2018","2018","hg/ha","2514","Fc","Calculated data"
"QC","Crops","138","Mexico","5510","Production","656","Coffee, green","2018","2018","tonnes","158325","*","Unofficial figure"
"QC","Crops","138","Mexico","5510","Production","767","Cotton lint","2018","2018","tonnes","400000","F","FAO estimate"
"QC","Crops","138","Mexico","5510","Production","329","Cottonseed","2018","2018","tonnes","600000","*","Unofficial figure"
"QC","Crops","138","Mexico","5312","Area harvested","397","Cucumbers and gherkins","2018","2018","ha","19597","","Official data"
"QC","Crops","138","Mexico","5419","Yield","397","Cucumbers and gherkins","2018","2018","hg/ha","547048","Fc","Calculated data"
"QC","Crops","138","Mexico","5510","Production","397","Cucumbers and gherkins","2018","2018","tonnes","1072048","","Official data"
"QC","Crops","138","Mexico","5312","Area harvested","577","Dates","2018","2018","ha","1573","","Official data"
"QC","Crops","138","Mexico","5419","Yield","577","Dates","2018","2018","hg/ha","56888","Fc","Calculated data"
"QC","Crops","138","Mexico","5510","Production","577","Dates","2018","2018","tonnes","8946","","Official data"
"QC","Crops","138","Mexico","5312","Area harvested","399","Eggplants (aubergines)","2018","2018","ha","2330","","Official data"
"QC","Crops","138","Mexico","5419","Yield","399","Eggplants (aubergines)","2018","2018","hg/ha","771069","Fc","Calculated data"
"QC","Crops","138","Mexico","5510","Production","399","Eggplants (aubergines)","2018","2018","tonnes","179656","","Official data"
"QC","Crops","138","Mexico","5312","Area harvested","569","Figs","2018","2018","ha","1194","","Official data"
"QC","Crops","138","Mexico","5419","Yield","569","Figs","2018","2018","hg/ha","64523","Fc","Calculated data"
"QC","Crops","138","Mexico","5510","Production","569","Figs","2018","2018","tonnes","7705","","Official data"
"QC","Crops","138","Mexico","5312","Area harvested","512","Fruit, citrus nes","2018","2018","ha","39888","Im","FAO data based on imputation methodology"
"QC","Crops","138","Mexico","5419","Yield","512","Fruit, citrus nes","2018","2018","hg/ha","46198","Fc","Calculated data"
"QC","Crops","138","Mexico","5510","Production","512","Fruit, citrus nes","2018","2018","tonnes","184277","Im","FAO data based on imputation methodology"
"QC","Crops","138","Mexico","5312","Area harvested","619","Fruit, fresh nes","2018","2018","ha","77092","Im","FAO data based on imputation methodology"
"QC","Crops","138","Mexico","5419","Yield","619","Fruit, fresh nes","2018","2018","hg/ha","68363","Fc","Calculated data"
"QC","Crops","138","Mexico","5510","Production","619","Fruit, fresh nes","2018","2018","tonnes","527028","Im","FAO data based on imputation methodology"
"QC","Crops","138","Mexico","5312","Area harvested","603","Fruit, tropical fresh nes","2018","2018","ha","48054","Im","FAO data based on imputation methodology"
"QC","Crops","138","Mexico","5419","Yield","603","Fruit, tropical fresh nes","2018","2018","hg/ha","99700","Fc","Calculated data"
"QC","Crops","138","Mexico","5510","Production","603","Fruit, tropical fresh nes","2018","2018","tonnes","479097","Im","FAO data based on imputation methodology"
"QC","Crops","138","Mexico","5312","Area harvested","406","Garlic","2018","2018","ha","7348","","Official data"
"QC","Crops","138","Mexico","5419","Yield","406","Garlic","2018","2018","hg/ha","128875","Fc","Calculated data"
"QC","Crops","138","Mexico","5510","Production","406","Garlic","2018","2018","tonnes","94692","","Official data"
"QC","Crops","138","Mexico","5312","Area harvested","720","Ginger","2018","2018","ha","391","","Official data"
"QC","Crops","138","Mexico","5419","Yield","720","Ginger","2018","2018","hg/ha","100328","Fc","Calculated data"
"QC","Crops","138","Mexico","5510","Production","720","Ginger","2018","2018","tonnes","3923","","Official data"
"QC","Crops","138","Mexico","5312","Area harvested","507","Grapefruit (inc. pomelos)","2018","2018","ha","18823","","Official data"
"QC","Crops","138","Mexico","5419","Yield","507","Grapefruit (inc. pomelos)","2018","2018","hg/ha","244171","Fc","Calculated data"
"QC","Crops","138","Mexico","5510","Production","507","Grapefruit (inc. pomelos)","2018","2018","tonnes","459610","","Official data"
"QC","Crops","138","Mexico","5312","Area harvested","560","Grapes","2018","2018","ha","30760","","Official data"
"QC","Crops","138","Mexico","5419","Yield","560","Grapes","2018","2018","hg/ha","140006","Fc","Calculated data"
"QC","Crops","138","Mexico","5510","Production","560","Grapes","2018","2018","tonnes","430658","","Official data"
"QC","Crops","138","Mexico","5312","Area harvested","242","Groundnuts, with shell","2018","2018","ha","52046","","Official data"
"QC","Crops","138","Mexico","5419","Yield","242","Groundnuts, with shell","2018","2018","hg/ha","17506","Fc","Calculated data"
"QC","Crops","138","Mexico","5510","Production","242","Groundnuts, with shell","2018","2018","tonnes","91109","","Official data"
"QC","Crops","138","Mexico","5312","Area harvested","277","Jojoba seed","2018","2018","ha","301","Im","FAO data based on imputation methodology"
"QC","Crops","138","Mexico","5419","Yield","277","Jojoba seed","2018","2018","hg/ha","5074","Fc","Calculated data"
"QC","Crops","138","Mexico","5510","Production","277","Jojoba seed","2018","2018","tonnes","153","Im","FAO data based on imputation methodology"
"QC","Crops","138","Mexico","5312","Area harvested","407","Leeks, other alliaceous vegetables","2018","2018","ha","642","Im","FAO data based on imputation methodology"
"QC","Crops","138","Mexico","5419","Yield","407","Leeks, other alliaceous vegetables","2018","2018","hg/ha","167224","Fc","Calculated data"
"QC","Crops","138","Mexico","5510","Production","407","Leeks, other alliaceous vegetables","2018","2018","tonnes","10728","Im","FAO data based on imputation methodology"
"QC","Crops","138","Mexico","5312","Area harvested","497","Lemons and limes","2018","2018","ha","175826","","Official data"
"QC","Crops","138","Mexico","5419","Yield","497","Lemons and limes","2018","2018","hg/ha","144907","Fc","Calculated data"
"QC","Crops","138","Mexico","5510","Production","497","Lemons and limes","2018","2018","tonnes","2547834","","Official data"
"QC","Crops","138","Mexico","5312","Area harvested","201","Lentils","2018","2018","ha","8080","","Official data"
"QC","Crops","138","Mexico","5419","Yield","201","Lentils","2018","2018","hg/ha","11091","Fc","Calculated data"
"QC","Crops","138","Mexico","5510","Production","201","Lentils","2018","2018","tonnes","8961","","Official data"
"QC","Crops","138","Mexico","5312","Area harvested","372","Lettuce and chicory","2018","2018","ha","20527","","Official data"
"QC","Crops","138","Mexico","5419","Yield","372","Lettuce and chicory","2018","2018","hg/ha","236981","Fc","Calculated data"
"QC","Crops","138","Mexico","5510","Production","372","Lettuce and chicory","2018","2018","tonnes","486440","","Official data"
"QC","Crops","138","Mexico","5312","Area harvested","333","Linseed","2018","2018","ha","3000","*","Unofficial figure"
"QC","Crops","138","Mexico","5419","Yield","333","Linseed","2018","2018","hg/ha","6667","Fc","Calculated data"
"QC","Crops","138","Mexico","5510","Production","333","Linseed","2018","2018","tonnes","2000","*","Unofficial figure"
"QC","Crops","138","Mexico","5312","Area harvested","56","Maize","2018","2018","ha","7122710","","Official data"
"QC","Crops","138","Mexico","5419","Yield","56","Maize","2018","2018","hg/ha","38146","Fc","Calculated data"
"QC","Crops","138","Mexico","5510","Production","56","Maize","2018","2018","tonnes","27169977","","Official data"
"QC","Crops","138","Mexico","5312","Area harvested","446","Maize, green","2018","2018","ha","67625","","Official data"
"QC","Crops","138","Mexico","5419","Yield","446","Maize, green","2018","2018","hg/ha","156596","Fc","Calculated data"
"QC","Crops","138","Mexico","5510","Production","446","Maize, green","2018","2018","tonnes","1058980","","Official data"
"QC","Crops","138","Mexico","5312","Area harvested","571","Mangoes, mangosteens, guavas","2018","2018","ha","210685","","Official data"
"QC","Crops","138","Mexico","5419","Yield","571","Mangoes, mangosteens, guavas","2018","2018","hg/ha","103421","Fc","Calculated data"
"QC","Crops","138","Mexico","5510","Production","571","Mangoes, mangosteens, guavas","2018","2018","tonnes","2178927","","Official data"
"QC","Crops","138","Mexico","5312","Area harvested","568","Melons, other (inc.cantaloupes)","2018","2018","ha","18959","","Official data"
"QC","Crops","138","Mexico","5419","Yield","568","Melons, other (inc.cantaloupes)","2018","2018","hg/ha","313631","Fc","Calculated data"
"QC","Crops","138","Mexico","5510","Production","568","Melons, other (inc.cantaloupes)","2018","2018","tonnes","594608","","Official data"
"QC","Crops","138","Mexico","5312","Area harvested","299","Melonseed","2018","2018","ha","23","Im","FAO data based on imputation methodology"
"QC","Crops","138","Mexico","5419","Yield","299","Melonseed","2018","2018","hg/ha","4566","Fc","Calculated data"
"QC","Crops","138","Mexico","5510","Production","299","Melonseed","2018","2018","tonnes","10","Im","FAO data based on imputation methodology"
"QC","Crops","138","Mexico","5312","Area harvested","79","Millet","2018","2018","ha","14","","Official data"
"QC","Crops","138","Mexico","5419","Yield","79","Millet","2018","2018","hg/ha","157857","Fc","Calculated data"
"QC","Crops","138","Mexico","5510","Production","79","Millet","2018","2018","tonnes","221","","Official data"
"QC","Crops","138","Mexico","5312","Area harvested","292","Mustard seed","2018","2018","ha","2","Im","FAO data based on imputation methodology"
"QC","Crops","138","Mexico","5419","Yield","292","Mustard seed","2018","2018","hg/ha","16026","Fc","Calculated data"
"QC","Crops","138","Mexico","5510","Production","292","Mustard seed","2018","2018","tonnes","3","Im","FAO data based on imputation methodology"
"QC","Crops","138","Mexico","5312","Area harvested","234","Nuts nes","2018","2018","ha","63301","Im","FAO data based on imputation methodology"
"QC","Crops","138","Mexico","5419","Yield","234","Nuts nes","2018","2018","hg/ha","20613","Fc","Calculated data"
"QC","Crops","138","Mexico","5510","Production","234","Nuts nes","2018","2018","tonnes","130481","Im","FAO data based on imputation methodology"
"QC","Crops","138","Mexico","5312","Area harvested","75","Oats","2018","2018","ha","49911","","Official data"
"QC","Crops","138","Mexico","5419","Yield","75","Oats","2018","2018","hg/ha","19897","Fc","Calculated data"
"QC","Crops","138","Mexico","5510","Production","75","Oats","2018","2018","tonnes","99305","","Official data"
"QC","Crops","138","Mexico","5312","Area harvested","254","Oil palm fruit","2018","2018","ha","72841","","Official data"
"QC","Crops","138","Mexico","5419","Yield","254","Oil palm fruit","2018","2018","hg/ha","135044","Fc","Calculated data"
"QC","Crops","138","Mexico","5510","Production","254","Oil palm fruit","2018","2018","tonnes","983676","","Official data"
"QC","Crops","138","Mexico","5510","Production","257","Oil, palm","2018","2018","tonnes","115000","*","Unofficial figure"
"QC","Crops","138","Mexico","5312","Area harvested","430","Okra","2018","2018","ha","3443","","Official data"
"QC","Crops","138","Mexico","5419","Yield","430","Okra","2018","2018","hg/ha","96257","Fc","Calculated data"
"QC","Crops","138","Mexico","5510","Production","430","Okra","2018","2018","tonnes","33145","","Official data"
"QC","Crops","138","Mexico","5312","Area harvested","260","Olives","2018","2018","ha","5200","","Official data"
"QC","Crops","138","Mexico","5419","Yield","260","Olives","2018","2018","hg/ha","29053","Fc","Calculated data"
"QC","Crops","138","Mexico","5510","Production","260","Olives","2018","2018","tonnes","15107","","Official data"
"QC","Crops","138","Mexico","5312","Area harvested","403","Onions, dry","2018","2018","ha","50168","","Official data"
"QC","Crops","138","Mexico","5419","Yield","403","Onions, dry","2018","2018","hg/ha","313470","Fc","Calculated data"
"QC","Crops","138","Mexico","5510","Production","403","Onions, dry","2018","2018","tonnes","1572608","","Official data"
"QC","Crops","138","Mexico","5312","Area harvested","402","Onions, shallots, green","2018","2018","ha","7329","Im","FAO data based on imputation methodology"
"QC","Crops","138","Mexico","5419","Yield","402","Onions, shallots, green","2018","2018","hg/ha","116125","Fc","Calculated data"
"QC","Crops","138","Mexico","5510","Production","402","Onions, shallots, green","2018","2018","tonnes","85104","Im","FAO data based on imputation methodology"
"QC","Crops","138","Mexico","5312","Area harvested","490","Oranges","2018","2018","ha","326689","","Official data"
"QC","Crops","138","Mexico","5419","Yield","490","Oranges","2018","2018","hg/ha","145031","Fc","Calculated data"
"QC","Crops","138","Mexico","5510","Production","490","Oranges","2018","2018","tonnes","4737990","","Official data"
"QC","Crops","138","Mexico","5510","Production","256","Palm kernels","2018","2018","tonnes","43000","*","Unofficial figure"
"QC","Crops","138","Mexico","5312","Area harvested","600","Papayas","2018","2018","ha","17923","","Official data"
"QC","Crops","138","Mexico","5419","Yield","600","Papayas","2018","2018","hg/ha","580147","Fc","Calculated data"
"QC","Crops","138","Mexico","5510","Production","600","Papayas","2018","2018","tonnes","1039820","","Official data"
"QC","Crops","138","Mexico","5312","Area harvested","534","Peaches and nectarines","2018","2018","ha","25562","","Official data"
"QC","Crops","138","Mexico","5419","Yield","534","Peaches and nectarines","2018","2018","hg/ha","62852","Fc","Calculated data"
"QC","Crops","138","Mexico","5510","Production","534","Peaches and nectarines","2018","2018","tonnes","160663","","Official data"
"QC","Crops","138","Mexico","5312","Area harvested","521","Pears","2018","2018","ha","4089","","Official data"
"QC","Crops","138","Mexico","5419","Yield","521","Pears","2018","2018","hg/ha","73309","Fc","Calculated data"
"QC","Crops","138","Mexico","5510","Production","521","Pears","2018","2018","tonnes","29973","","Official data"
"QC","Crops","138","Mexico","5312","Area harvested","187","Peas, dry","2018","2018","ha","1436","","Official data"
"QC","Crops","138","Mexico","5419","Yield","187","Peas, dry","2018","2018","hg/ha","13065","Fc","Calculated data"
"QC","Crops","138","Mexico","5510","Production","187","Peas, dry","2018","2018","tonnes","1876","","Official data"
"QC","Crops","138","Mexico","5312","Area harvested","417","Peas, green","2018","2018","ha","11684","","Official data"
"QC","Crops","138","Mexico","5419","Yield","417","Peas, green","2018","2018","hg/ha","54219","Fc","Calculated data"
"QC","Crops","138","Mexico","5510","Production","417","Peas, green","2018","2018","tonnes","63352","","Official data"
"QC","Crops","138","Mexico","5312","Area harvested","687","Pepper (piper spp.)","2018","2018","ha","3186","","Official data"
"QC","Crops","138","Mexico","5419","Yield","687","Pepper (piper spp.)","2018","2018","hg/ha","28691","Fc","Calculated data"
"QC","Crops","138","Mexico","5510","Production","687","Pepper (piper spp.)","2018","2018","tonnes","9141","","Official data"
"QC","Crops","138","Mexico","5312","Area harvested","748","Peppermint","2018","2018","ha","68","","Official data"
"QC","Crops","138","Mexico","5419","Yield","748","Peppermint","2018","2018","hg/ha","95920","Fc","Calculated data"
"QC","Crops","138","Mexico","5510","Production","748","Peppermint","2018","2018","tonnes","657","","Official data"
"QC","Crops","138","Mexico","5312","Area harvested","587","Persimmons","2018","2018","ha","4","","Official data"
"QC","Crops","138","Mexico","5419","Yield","587","Persimmons","2018","2018","hg/ha","135000","Fc","Calculated data"
"QC","Crops","138","Mexico","5510","Production","587","Persimmons","2018","2018","tonnes","54","","Official data"
"QC","Crops","138","Mexico","5312","Area harvested","574","Pineapples","2018","2018","ha","20771","","Official data"
"QC","Crops","138","Mexico","5419","Yield","574","Pineapples","2018","2018","hg/ha","481249","Fc","Calculated data"
"QC","Crops","138","Mexico","5510","Production","574","Pineapples","2018","2018","tonnes","999593","","Official data"
"QC","Crops","138","Mexico","5312","Area harvested","223","Pistachios","2018","2018","ha","109","","Official data"
"QC","Crops","138","Mexico","5419","Yield","223","Pistachios","2018","2018","hg/ha","5557","Fc","Calculated data"
"QC","Crops","138","Mexico","5510","Production","223","Pistachios","2018","2018","tonnes","61","","Official data"
"QC","Crops","138","Mexico","5312","Area harvested","536","Plums and sloes","2018","2018","ha","14753","","Official data"
"QC","Crops","138","Mexico","5419","Yield","536","Plums and sloes","2018","2018","hg/ha","57241","Fc","Calculated data"
"QC","Crops","138","Mexico","5510","Production","536","Plums and sloes","2018","2018","tonnes","84447","","Official data"
"QC","Crops","138","Mexico","5312","Area harvested","116","Potatoes","2018","2018","ha","60303","","Official data"
"QC","Crops","138","Mexico","5419","Yield","116","Potatoes","2018","2018","hg/ha","298920","Fc","Calculated data"
"QC","Crops","138","Mexico","5510","Production","116","Potatoes","2018","2018","tonnes","1802592","","Official data"
"QC","Crops","138","Mexico","5312","Area harvested","211","Pulses nes","2018","2018","ha","389","Im","FAO data based on imputation methodology"
"QC","Crops","138","Mexico","5419","Yield","211","Pulses nes","2018","2018","hg/ha","8203","Fc","Calculated data"
"QC","Crops","138","Mexico","5510","Production","211","Pulses nes","2018","2018","tonnes","319","Im","FAO data based on imputation methodology"
"QC","Crops","138","Mexico","5312","Area harvested","394","Pumpkins, squash and gourds","2018","2018","ha","38177","","Official data"
"QC","Crops","138","Mexico","5419","Yield","394","Pumpkins, squash and gourds","2018","2018","hg/ha","203283","Fc","Calculated data"
"QC","Crops","138","Mexico","5510","Production","394","Pumpkins, squash and gourds","2018","2018","tonnes","776073","","Official data"
"QC","Crops","138","Mexico","5312","Area harvested","523","Quinces","2018","2018","ha","598","","Official data"
"QC","Crops","138","Mexico","5419","Yield","523","Quinces","2018","2018","hg/ha","87310","Fc","Calculated data"
"QC","Crops","138","Mexico","5510","Production","523","Quinces","2018","2018","tonnes","5217","","Official data"
"QC","Crops","138","Mexico","5312","Area harvested","270","Rapeseed","2018","2018","ha","5000","*","Unofficial figure"
"QC","Crops","138","Mexico","5419","Yield","270","Rapeseed","2018","2018","hg/ha","10000","Fc","Calculated data"
"QC","Crops","138","Mexico","5510","Production","270","Rapeseed","2018","2018","tonnes","5000","*","Unofficial figure"
"QC","Crops","138","Mexico","5312","Area harvested","547","Raspberries","2018","2018","ha","7151","","Official data"
"QC","Crops","138","Mexico","5419","Yield","547","Raspberries","2018","2018","hg/ha","182057","Fc","Calculated data"
"QC","Crops","138","Mexico","5510","Production","547","Raspberries","2018","2018","tonnes","130187","","Official data"
"QC","Crops","138","Mexico","5312","Area harvested","27","Rice, paddy","2018","2018","ha","45150","","Official data"
"QC","Crops","138","Mexico","5419","Yield","27","Rice, paddy","2018","2018","hg/ha","62848","Fc","Calculated data"
"QC","Crops","138","Mexico","5510","Production","27","Rice, paddy","2018","2018","tonnes","283763","","Official data"
"QC","Crops","138","Mexico","5312","Area harvested","149","Roots and tubers nes","2018","2018","ha","6799","","Official data"
"QC","Crops","138","Mexico","5419","Yield","149","Roots and tubers nes","2018","2018","hg/ha","302297","Fc","Calculated data"
"QC","Crops","138","Mexico","5510","Production","149","Roots and tubers nes","2018","2018","tonnes","205532","","Official data"
"QC","Crops","138","Mexico","5312","Area harvested","836","Rubber, natural","2018","2018","ha","25418","","Official data"
"QC","Crops","138","Mexico","5419","Yield","836","Rubber, natural","2018","2018","hg/ha","29870","Fc","Calculated data"
"QC","Crops","138","Mexico","5510","Production","836","Rubber, natural","2018","2018","tonnes","75923","","Official data"
"QC","Crops","138","Mexico","5312","Area harvested","71","Rye","2018","2018","ha","5","","Official data"
"QC","Crops","138","Mexico","5419","Yield","71","Rye","2018","2018","hg/ha","18000","Fc","Calculated data"
"QC","Crops","138","Mexico","5510","Production","71","Rye","2018","2018","tonnes","9","","Official data"
"QC","Crops","138","Mexico","5312","Area harvested","280","Safflower seed","2018","2018","ha","26709","","Official data"
"QC","Crops","138","Mexico","5419","Yield","280","Safflower seed","2018","2018","hg/ha","21968","Fc","Calculated data"
"QC","Crops","138","Mexico","5510","Production","280","Safflower seed","2018","2018","tonnes","58675","","Official data"
"QC","Crops","138","Mexico","5312","Area harvested","328","Seed cotton","2018","2018","ha","240580","","Official data"
"QC","Crops","138","Mexico","5419","Yield","328","Seed cotton","2018","2018","hg/ha","48325","Fc","Calculated data"
"QC","Crops","138","Mexico","5510","Production","328","Seed cotton","2018","2018","tonnes","1162603","","Official data"
"QC","Crops","138","Mexico","5312","Area harvested","289","Sesame seed","2018","2018","ha","78656","","Official data"
"QC","Crops","138","Mexico","5419","Yield","289","Sesame seed","2018","2018","hg/ha","7279","Fc","Calculated data"
"QC","Crops","138","Mexico","5510","Production","289","Sesame seed","2018","2018","tonnes","57256","","Official data"
"QC","Crops","138","Mexico","5312","Area harvested","789","Sisal","2018","2018","ha","6819","","Official data"
"QC","Crops","138","Mexico","5419","Yield","789","Sisal","2018","2018","hg/ha","13210","Fc","Calculated data"
"QC","Crops","138","Mexico","5510","Production","789","Sisal","2018","2018","tonnes","9008","","Official data"
"QC","Crops","138","Mexico","5312","Area harvested","83","Sorghum","2018","2018","ha","1300528","","Official data"
"QC","Crops","138","Mexico","5419","Yield","83","Sorghum","2018","2018","hg/ha","34840","Fc","Calculated data"
"QC","Crops","138","Mexico","5510","Production","83","Sorghum","2018","2018","tonnes","4531097","","Official data"
"QC","Crops","138","Mexico","5312","Area harvested","236","Soybeans","2018","2018","ha","190628","","Official data"
"QC","Crops","138","Mexico","5419","Yield","236","Soybeans","2018","2018","hg/ha","16997","Fc","Calculated data"
"QC","Crops","138","Mexico","5510","Production","236","Soybeans","2018","2018","tonnes","324011","","Official data"
"QC","Crops","138","Mexico","5312","Area harvested","723","Spices nes","2018","2018","ha","578","Im","FAO data based on imputation methodology"
"QC","Crops","138","Mexico","5419","Yield","723","Spices nes","2018","2018","hg/ha","69492","Fc","Calculated data"
"QC","Crops","138","Mexico","5510","Production","723","Spices nes","2018","2018","tonnes","4014","Im","FAO data based on imputation methodology"
"QC","Crops","138","Mexico","5312","Area harvested","373","Spinach","2018","2018","ha","2436","","Official data"
"QC","Crops","138","Mexico","5419","Yield","373","Spinach","2018","2018","hg/ha","183901","Fc","Calculated data"
"QC","Crops","138","Mexico","5510","Production","373","Spinach","2018","2018","tonnes","44803","","Official data"
"QC","Crops","138","Mexico","5312","Area harvested","544","Strawberries","2018","2018","ha","13652","","Official data"
"QC","Crops","138","Mexico","5419","Yield","544","Strawberries","2018","2018","hg/ha","478781","Fc","Calculated data"
"QC","Crops","138","Mexico","5510","Production","544","Strawberries","2018","2018","tonnes","653639","","Official data"
"QC","Crops","138","Mexico","5312","Area harvested","423","String beans","2018","2018","ha","12506","Im","FAO data based on imputation methodology"
"QC","Crops","138","Mexico","5419","Yield","423","String beans","2018","2018","hg/ha","102373","Fc","Calculated data"
"QC","Crops","138","Mexico","5510","Production","423","String beans","2018","2018","tonnes","128030","Im","FAO data based on imputation methodology"
"QC","Crops","138","Mexico","5312","Area harvested","157","Sugar beet","2018","2018","ha","47","Im","FAO data based on imputation methodology"
"QC","Crops","138","Mexico","5419","Yield","157","Sugar beet","2018","2018","hg/ha","185289","Fc","Calculated data"
"QC","Crops","138","Mexico","5510","Production","157","Sugar beet","2018","2018","tonnes","878","Im","FAO data based on imputation methodology"
"QC","Crops","138","Mexico","5312","Area harvested","156","Sugar cane","2018","2018","ha","785905","","Official data"
"QC","Crops","138","Mexico","5419","Yield","156","Sugar cane","2018","2018","hg/ha","723262","Fc","Calculated data"
"QC","Crops","138","Mexico","5510","Production","156","Sugar cane","2018","2018","tonnes","56841523","","Official data"
"QC","Crops","138","Mexico","5312","Area harvested","267","Sunflower seed","2018","2018","ha","6826","","Official data"
"QC","Crops","138","Mexico","5419","Yield","267","Sunflower seed","2018","2018","hg/ha","14285","Fc","Calculated data"
"QC","Crops","138","Mexico","5510","Production","267","Sunflower seed","2018","2018","tonnes","9751","","Official data"
"QC","Crops","138","Mexico","5312","Area harvested","122","Sweet potatoes","2018","2018","ha","3334","","Official data"
"QC","Crops","138","Mexico","5419","Yield","122","Sweet potatoes","2018","2018","hg/ha","202440","Fc","Calculated data"
"QC","Crops","138","Mexico","5510","Production","122","Sweet potatoes","2018","2018","tonnes","67486","","Official data"
"QC","Crops","138","Mexico","5312","Area harvested","495","Tangerines, mandarins, clementines, satsumas","2018","2018","ha","33589","","Official data"
"QC","Crops","138","Mexico","5419","Yield","495","Tangerines, mandarins, clementines, satsumas","2018","2018","hg/ha","151204","Fc","Calculated data"
"QC","Crops","138","Mexico","5510","Production","495","Tangerines, mandarins, clementines, satsumas","2018","2018","tonnes","507878","","Official data"
"QC","Crops","138","Mexico","5312","Area harvested","826","Tobacco, unmanufactured","2018","2018","ha","6552","","Official data"
"QC","Crops","138","Mexico","5419","Yield","826","Tobacco, unmanufactured","2018","2018","hg/ha","23170","Fc","Calculated data"
"QC","Crops","138","Mexico","5510","Production","826","Tobacco, unmanufactured","2018","2018","tonnes","15181","","Official data"
"QC","Crops","138","Mexico","5312","Area harvested","388","Tomatoes","2018","2018","ha","90323","","Official data"
"QC","Crops","138","Mexico","5419","Yield","388","Tomatoes","2018","2018","hg/ha","504785","Fc","Calculated data"
"QC","Crops","138","Mexico","5510","Production","388","Tomatoes","2018","2018","tonnes","4559375","","Official data"
"QC","Crops","138","Mexico","5312","Area harvested","97","Triticale","2018","2018","ha","11154","","Official data"
"QC","Crops","138","Mexico","5419","Yield","97","Triticale","2018","2018","hg/ha","22775","Fc","Calculated data"
"QC","Crops","138","Mexico","5510","Production","97","Triticale","2018","2018","tonnes","25403","","Official data"
"QC","Crops","138","Mexico","5312","Area harvested","692","Vanilla","2018","2018","ha","866","","Official data"
"QC","Crops","138","Mexico","5419","Yield","692","Vanilla","2018","2018","hg/ha","5716","Fc","Calculated data"
"QC","Crops","138","Mexico","5510","Production","692","Vanilla","2018","2018","tonnes","495","","Official data"
"QC","Crops","138","Mexico","5312","Area harvested","463","Vegetables, fresh nes","2018","2018","ha","105862","Im","FAO data based on imputation methodology"
"QC","Crops","138","Mexico","5419","Yield","463","Vegetables, fresh nes","2018","2018","hg/ha","85177","Fc","Calculated data"
"QC","Crops","138","Mexico","5510","Production","463","Vegetables, fresh nes","2018","2018","tonnes","901706","Im","FAO data based on imputation methodology"
"QC","Crops","138","Mexico","5312","Area harvested","420","Vegetables, leguminous nes","2018","2018","ha","11807","","Official data"
"QC","Crops","138","Mexico","5419","Yield","420","Vegetables, leguminous nes","2018","2018","hg/ha","63717","Fc","Calculated data"
"QC","Crops","138","Mexico","5510","Production","420","Vegetables, leguminous nes","2018","2018","tonnes","75232","","Official data"
"QC","Crops","138","Mexico","5312","Area harvested","205","Vetches","2018","2018","ha","7730","","Official data"
"QC","Crops","138","Mexico","5419","Yield","205","Vetches","2018","2018","hg/ha","121567","Fc","Calculated data"
"QC","Crops","138","Mexico","5510","Production","205","Vetches","2018","2018","tonnes","93966","","Official data"
"QC","Crops","138","Mexico","5312","Area harvested","222","Walnuts, with shell","2018","2018","ha","96909","","Official data"
"QC","Crops","138","Mexico","5419","Yield","222","Walnuts, with shell","2018","2018","hg/ha","16462","Fc","Calculated data"
"QC","Crops","138","Mexico","5510","Production","222","Walnuts, with shell","2018","2018","tonnes","159535","","Official data"
"QC","Crops","138","Mexico","5312","Area harvested","567","Watermelons","2018","2018","ha","41118","","Official data"
"QC","Crops","138","Mexico","5419","Yield","567","Watermelons","2018","2018","hg/ha","358105","Fc","Calculated data"
"QC","Crops","138","Mexico","5510","Production","567","Watermelons","2018","2018","tonnes","1472459","","Official data"
"QC","Crops","138","Mexico","5312","Area harvested","15","Wheat","2018","2018","ha","541345","","Official data"
"QC","Crops","138","Mexico","5419","Yield","15","Wheat","2018","2018","hg/ha","54373","Fc","Calculated data"
"QC","Crops","138","Mexico","5510","Production","15","Wheat","2018","2018","tonnes","2943445","","Official data"
"QC","Crops","138","Mexico","5312","Area harvested","135","Yautia (cocoyam)","2018","2018","ha","495","","Official data"
"QC","Crops","138","Mexico","5419","Yield","135","Yautia (cocoyam)","2018","2018","hg/ha","774343","Fc","Calculated data"
"QC","Crops","138","Mexico","5510","Production","135","Yautia (cocoyam)","2018","2018","tonnes","38330","","Official data"
